word,presidente,year
alcanzaban,miguel_juarez_celman,1889
poder,miguel_juarez_celman,1889
medio,miguel_juarez_celman,1889
elección,miguel_juarez_celman,1889
buscaban,miguel_juarez_celman,1889
medio,miguel_juarez_celman,1889
revuelta,miguel_juarez_celman,1889
viciando,miguel_juarez_celman,1889
origen,miguel_juarez_celman,1889
poder,miguel_juarez_celman,1889
dio,miguel_juarez_celman,1889
voluntad,miguel_juarez_celman,1889
popular,miguel_juarez_celman,1889
obtuvieron,miguel_juarez_celman,1889
acaso,miguel_juarez_celman,1889
violencias,miguel_juarez_celman,1889
fuerza,miguel_juarez_celman,1889
advierto,miguel_juarez_celman,1889
refiero,miguel_juarez_celman,1889
exclusivamente,miguel_juarez_celman,1889
pasa,miguel_juarez_celman,1889
acontecido,miguel_juarez_celman,1889
república,miguel_juarez_celman,1889
época,miguel_juarez_celman,1889
historia,miguel_juarez_celman,1889
partido,miguel_juarez_celman,1889
vencido,miguel_juarez_celman,1889
creído,miguel_juarez_celman,1889
deber,miguel_juarez_celman,1889
organizar,miguel_juarez_celman,1889
oposición,miguel_juarez_celman,1889
sistemática,miguel_juarez_celman,1889
oposición,miguel_juarez_celman,1889
reconoce,miguel_juarez_celman,1889
bueno,miguel_juarez_celman,1889
parte,miguel_juarez_celman,1889
gobierno,miguel_juarez_celman,1889
ejercen,miguel_juarez_celman,1889
adversarios,miguel_juarez_celman,1889
oposición,miguel_juarez_celman,1889
cree,miguel_juarez_celman,1889
forzosamente,miguel_juarez_celman,1889
encontrar,miguel_juarez_celman,1889
malo,miguel_juarez_celman,1889
detestable,miguel_juarez_celman,1889
acto,miguel_juarez_celman,1889
emane,miguel_juarez_celman,1889
amigos,miguel_juarez_celman,1889
hablaros,miguel_juarez_celman,1889
política,miguel_juarez_celman,1889
interna,miguel_juarez_celman,1889
pido,miguel_juarez_celman,1889
haceros,miguel_juarez_celman,1889
declaración,miguel_juarez_celman,1889
creáis,miguel_juarez_celman,1889
sincero,miguel_juarez_celman,1889
pesar,miguel_juarez_celman,1889
lamento,miguel_juarez_celman,1889
república,miguel_juarez_celman,1889
figuren,miguel_juarez_celman,1889
partidos,miguel_juarez_celman,1889
fuertemente,miguel_juarez_celman,1889
organizados,miguel_juarez_celman,1889
luchen,miguel_juarez_celman,1889
agiten,miguel_juarez_celman,1889
principios,miguel_juarez_celman,1889
ideales,miguel_juarez_celman,1889
políticos,miguel_juarez_celman,1889
constitución,miguel_juarez_celman,1889
bienestar,miguel_juarez_celman,1889
actualidad,miguel_juarez_celman,1889
produce,miguel_juarez_celman,1889
convencido,miguel_juarez_celman,1889
gran,miguel_juarez_celman,1889
mayoría,miguel_juarez_celman,1889
existen,miguel_juarez_celman,1889
momento,miguel_juarez_celman,1889
necesidades,miguel_juarez_celman,1889
premiosas,miguel_juarez_celman,1889
obliguen,miguel_juarez_celman,1889
organizarse,miguel_juarez_celman,1889
